order,model_fit,predictions,rmse,mape,aic
"(2, 1, 1)",<statsmodels.tsa.arima.model.ARIMAResultsWrapper object at 0x00000212AEA0C050>,"2023-10-22    1628.569377
2023-10-23    1629.735994
2023-10-24    1630.377639
2023-10-25    1630.832628
2023-10-26    1631.143198
                 ...     
2025-04-13    1631.821199
2025-04-14    1631.821199
2025-04-15    1631.821199
2025-04-16    1631.821199
2025-04-17    1631.821199
Freq: D, Name: predicted_mean, Length: 544, dtype: float64",1334.6183247435358,0.3901765963670884,24913.990098836533
"(2, 1, 2)",<statsmodels.tsa.arima.model.ARIMAResultsWrapper object at 0x000002129E8D1250>,"2023-10-22    1628.797183
2023-10-23    1630.214326
2023-10-24    1630.007598
2023-10-25    1628.882399
2023-10-26    1629.570813
                 ...     
2025-04-13    1629.598182
2025-04-14    1629.598182
2025-04-15    1629.598182
2025-04-16    1629.598182
2025-04-17    1629.598182
Freq: D, Name: predicted_mean, Length: 544, dtype: float64",1336.5853790476206,0.3909471108648095,24895.257359053707
"(0, 1, 0)",<statsmodels.tsa.arima.model.ARIMAResultsWrapper object at 0x00000212AF3CAF50>,"2023-10-22    1629.304443
2023-10-23    1629.304443
2023-10-24    1629.304443
2023-10-25    1629.304443
2023-10-26    1629.304443
                 ...     
2025-04-13    1629.304443
2025-04-14    1629.304443
2025-04-15    1629.304443
2025-04-16    1629.304443
2025-04-17    1629.304443
Freq: D, Name: predicted_mean, Length: 544, dtype: float64",1336.8456439647132,0.39104996831213606,24919.08120187262
"(0, 1, 2)",<statsmodels.tsa.arima.model.ARIMAResultsWrapper object at 0x00000212AEA92250>,"2023-10-22    1628.274131
2023-10-23    1628.801873
2023-10-24    1628.801873
2023-10-25    1628.801873
2023-10-26    1628.801873
                 ...     
2025-04-13    1628.801873
2025-04-14    1628.801873
2025-04-15    1628.801873
2025-04-16    1628.801873
2025-04-17    1628.801873
Freq: D, Name: predicted_mean, Length: 544, dtype: float64",1337.2908749251042,0.39122704612086656,24913.370082117894
"(1, 1, 2)",<statsmodels.tsa.arima.model.ARIMAResultsWrapper object at 0x00000212AEB52650>,"2023-10-22    1629.005133
2023-10-23    1628.495995
2023-10-24    1628.904391
2023-10-25    1628.576803
2023-10-26    1628.839573
                 ...     
2025-04-13    1628.722613
2025-04-14    1628.722613
2025-04-15    1628.722613
2025-04-16    1628.722613
2025-04-17    1628.722613
Freq: D, Name: predicted_mean, Length: 544, dtype: float64",1337.3610680396455,0.3912541195248776,24913.173531269586
"(2, 1, 0)",<statsmodels.tsa.arima.model.ARIMAResultsWrapper object at 0x00000212AF3C9150>,"2023-10-22    1628.167619
2023-10-23    1628.532937
2023-10-24    1628.496035
2023-10-25    1628.502737
2023-10-26    1628.501869
                 ...     
2025-04-13    1628.501988
2025-04-14    1628.501988
2025-04-15    1628.501988
2025-04-16    1628.501988
2025-04-17    1628.501988
Freq: D, Name: predicted_mean, Length: 544, dtype: float64",1337.556535722178,0.3913321204332295,24913.61422076242
"(1, 1, 1)",<statsmodels.tsa.arima.model.ARIMAResultsWrapper object at 0x00000212AEA90450>,"2023-10-22    1627.932245
2023-10-23    1628.149054
2023-10-24    1628.114798
2023-10-25    1628.120210
2023-10-26    1628.119355
                 ...     
2025-04-13    1628.119472
2025-04-14    1628.119472
2025-04-15    1628.119472
2025-04-16    1628.119472
2025-04-17    1628.119472
Freq: D, Name: predicted_mean, Length: 544, dtype: float64",1337.895428957423,0.3914662913880532,24913.756895344755
"(1, 1, 0)",<statsmodels.tsa.arima.model.ARIMAResultsWrapper object at 0x00000212AF436ED0>,"2023-10-22    1627.706439
2023-10-23    1627.810086
2023-10-24    1627.803364
2023-10-25    1627.803800
2023-10-26    1627.803772
                 ...     
2025-04-13    1627.803773
2025-04-14    1627.803773
2025-04-15    1627.803773
2025-04-16    1627.803773
2025-04-17    1627.803773
Freq: D, Name: predicted_mean, Length: 544, dtype: float64",1338.1751474018768,0.3915770807106491,24911.920338057316
"(0, 1, 1)",<statsmodels.tsa.arima.model.ARIMAResultsWrapper object at 0x00000212AEA900D0>,"2023-10-22    1627.611161
2023-10-23    1627.611161
2023-10-24    1627.611161
2023-10-25    1627.611161
2023-10-26    1627.611161
                 ...     
2025-04-13    1627.611161
2025-04-14    1627.611161
2025-04-15    1627.611161
2025-04-16    1627.611161
2025-04-17    1627.611161
Freq: D, Name: predicted_mean, Length: 544, dtype: float64",1338.3458120468442,0.39164462150492446,24912.206458537716
